{"BG8eixpUs-M": {"taxnomy": [{"order": "artiodactyla", "family": "bovidae", "genus": "bovini", "keyword": "buffalo"}], "annotations": [{"label": "mates with other animals", "segment": [0.0, 1.892]}, {"label": "mates with other animals", "segment": [70.758, 79.009]}], "duration": 99, "resolution": "1280x720", "fps": 30, "subset": "validation", "url": "https://www.youtube.com/watch?v=BG8eixpUs-M"}, "GfUkEf9KpLk": {"taxnomy": [{"order": "carnivora", "family": "felidae", "genus": "panthera", "keyword": "tiger"}], "annotations": [{"label": "drinks water", "segment": [0.0, 1.936]}], "duration": 12, "resolution": "404x720", "fps": 30, "subset": "training", "url": "https://www.youtube.com/watch?v=GfUkEf9KpLk"}}