{"SMN6WFVy-Ys": {"taxnomy": [{"order": "carnivora", "family": "felidae", "genus": "panthera", "keyword": "tiger"}], "annotations": [{"label": "drinks water", "segment": [0.0, 1.02]}], "duration": 12, "resolution": "404x720", "fps": 30, "subset": "training", "url": "https://www.youtube.com/watch?v=SMN6WFVy-Ys"}, "Di4eEBZjkA4": {"taxnomy": [{"order": "carnivora", "family": "felidae", "genus": "leptailurus", "keyword": "serval"}], "annotations": [{"label": "sleeps", "segment": [0.0, 1.021]}], "duration": 1, "resolution": "1280x720", "fps": 24, "subset": "training", "url": "https://www.youtube.com/watch?v=Di4eEBZjkA4"}, "OT88wS6FLoQ": {"taxnomy": [{"order": "carnivora", "family": "felidae", "genus": "panthera", "keyword": "tiger"}], "annotations": [{"label": "drinks water", "segment": [0.0, 1.054]}], "duration": 10, "resolution": "406x720", "fps": 30, "subset": "training", "url": "https://www.youtube.com/watch?v=OT88wS6FLoQ"}, "BF0bymdQtq8": {"taxnomy": [{"order": "carnivora", "family": "felidae", "genus": "acinonyx", "keyword": "cheetah"}], "annotations": [{"label": "drinks water", "segment": [0.0, 1.094]}], "duration": 16, "resolution": "496x720", "fps": 30, "subset": "testing", "url": "https://www.youtube.com/watch?v=BF0bymdQtq8"}, "wWeOg3z47Ps": {"taxnomy": [{"order": "carnivora", "family": "felidae", "genus": "panthera", "keyword": "jaguar"}], "annotations": [{"label": "drinks water", "segment": [0.0, 1.104]}], "duration": 17, "resolution": "1280x720", "fps": 30, "subset": "validation", "url": "https://www.youtube.com/watch?v=wWeOg3z47Ps"}, "lyngREOwOms": {"taxnomy": [{"order": "carnivora", "family": "canidae", "genus": "vulpes", "keyword": "fennec fox"}], "annotations": [{"label": "sleeps", "segment": [0.0, 1.137]}], "duration": 1, "resolution": "1280x720", "fps": 30, "subset": "training", "url": "https://www.youtube.com/watch?v=lyngREOwOms"}, "NhiwdXDrWGQ": {"taxnomy": [{"order": "artiodactyla", "family": "cervidae", "genus": "capreolus", "keyword": "roe deer"}], "annotations": [{"label": "eats food", "segment": [0.0, 1.196]}], "duration": 11, "resolution": "540x360", "fps": 29, "subset": "training", "url": "https://www.youtube.com/watch?v=NhiwdXDrWGQ"}, "dXTXKZMdlHM": {"taxnomy": [{"order": "carnivora", "family": "felidae", "genus": "felis", "keyword": "sand cat"}], "annotations": [{"label": "sleeps", "segment": [0.0, 1.207]}], "duration": 1, "resolution": "1280x720", "fps": 30, "subset": "validation", "url": "https://www.youtube.com/watch?v=dXTXKZMdlHM"}, "iuxmA5qwwik": {"taxnomy": [{"order": "carnivora", "family": "canidae", "genus": "urocyon", "keyword": "gray fox"}], "annotations": [{"label": "mates with other animals", "segment": [0.0, 1.314]}], "duration": 15, "resolution": "1280x720", "fps": 10, "subset": "training", "url": "https://www.youtube.com/watch?v=iuxmA5qwwik"}, "xlGeMfpGsfo": {"taxnomy": [{"order": "carnivora", "family": "herpestidae", "genus": "suricata", "keyword": "meerkat"}], "annotations": [{"label": "mates with other animals", "segment": [11.558, 19.422]}, {"label": "mates with other animals", "segment": [0.0, 1.44]}], "duration": 21, "resolution": "480x360", "fps": 29, "subset": "training", "url": "https://www.youtube.com/watch?v=xlGeMfpGsfo"}, "fy7S1UUf-OU": {"taxnomy": [{"order": "carnivora", "family": "canidae", "genus": "canis", "keyword": "terrier"}], "annotations": [{"label": "poops", "segment": [0.0, 1.502]}], "duration": 18, "resolution": "1280x720", "fps": 30, "subset": "training", "url": "https://www.youtube.com/watch?v=fy7S1UUf-OU"}, "hLgP-zJVq88": {"taxnomy": [{"order": "carnivora", "family": "canidae", "genus": "canis", "keyword": "bulldog"}], "annotations": [{"label": "nurses or breastfeeds its baby", "segment": [0.0, 1.602]}], "duration": 1, "resolution": "1280x720", "fps": 30, "subset": "training", "url": "https://www.youtube.com/watch?v=hLgP-zJVq88"}, "f_Yz-JN2bLs": {"taxnomy": [{"order": "carnivora", "family": "canidae", "genus": "fox", "keyword": "fox"}], "annotations": [{"label": "pees", "segment": [0.0, 1.783]}], "duration": 9, "resolution": "1280x720", "fps": 23, "subset": "training", "url": "https://www.youtube.com/watch?v=f_Yz-JN2bLs"}, "HJUqQfyXto8": {"taxnomy": [{"order": "carnivora", "family": "felidae", "genus": "panthera", "keyword": "tiger"}], "annotations": [{"label": "drinks water", "segment": [0.0, 1.806]}], "duration": 7, "resolution": "404x720", "fps": 30, "subset": "testing", "url": "https://www.youtube.com/watch?v=HJUqQfyXto8"}, "BG8eixpUs-M": {"taxnomy": [{"order": "artiodactyla", "family": "bovidae", "genus": "bovini", "keyword": "buffalo"}], "annotations": [{"label": "mates with other animals", "segment": [0.0, 1.892]}, {"label": "mates with other animals", "segment": [70.758, 79.009]}], "duration": 99, "resolution": "1280x720", "fps": 30, "subset": "training", "url": "https://www.youtube.com/watch?v=BG8eixpUs-M"}, "GfUkEf9KpLk": {"taxnomy": [{"order": "carnivora", "family": "felidae", "genus": "panthera", "keyword": "tiger"}], "annotations": [{"label": "drinks water", "segment": [0.0, 1.936]}], "duration": 12, "resolution": "404x720", "fps": 30, "subset": "training", "url": "https://www.youtube.com/watch?v=GfUkEf9KpLk"}}